,organic_products_export,chemicals_export,material_export,clothing_export,metals_export,technical_export,transportation_export,miscellaneous_goods_export,all_commodities_export,organic_products_import,chemicals_import,material_import,clothing_import,metals_import,technical_import,transportation_import,miscellaneous_goods_import,all_commodities_import,iso3,freight_2017,passengers_2017,name,normalised_export_2017,normalised_import_2017,normalised_freight_2017,normalised_passengers_2017
0,253.592,20.481,504.829,987.659,351.251,106.35,20.772,55.395,2300.329,902.405,484.346,1466.302,571.808,526.633,767.239,366.151,189.804,5274.687,ALB,0.0,103151.0,Albania,7.741242061126985,8.570864186830994,0.0,11.543958907550401
1,352.286,775.93,33964.004,0.811,11.783,59.75,21.057,5.497,35191.117,9415.691,4257.59,7163.324,939.355,6513.29,11991.787,4394.323,1377.655,46053.016,DZA,24.8,6241924.0,Algeria,10.468577387642261,10.737570247435752,3.250374491927572,15.64679918636099
2,0.857,1.938,20.368000000000002,9.705,5.748,35.502,23.803,19.403,117.324,339.174,180.473,269.969,162.165,38.289,177.221,187.202,122.333,1476.827,AND,0.0,0.0,Andorra,4.773426624457212,7.298328044589594,0.0,0.0
3,33023.048,11404.581,154373.943,456.601,10231.289,7665.664,3586.913,3858.712,224600.751,15334.305,19711.056,50708.185000000005,10612.758,10622.221,52992.304,40094.228,17040.121,217115.178,AUS,1982.59,74257326.0,Australia,12.322084117338013,12.288187871745004,7.592663613263292,18.1230470109132
4,12558.67,17692.036,28443.476000000002,4700.658,22400.738,45032.58,19517.264,9506.904,159852.324,13515.714,18451.627,36268.453,9584.452,18119.193,37796.299,22006.902,10677.261,166419.902,AUT,391.27,16171640.0,Austria,11.982011948766624,12.022275412461365,5.97195037820368,16.59876971063417
5,627.727,29.177,970.364,127.55,268.611,37.937,13.837,62.782,2137.986,715.074,406.743,1297.7309999999998,216.416,290.948,624.895,150.053,189.427,3891.287,ARM,0.0,0.0,Armenia,7.6680871639464465,8.266752181594356,0.0,0.0
6,45211.494,97624.075,107846.524,19179.515,32996.214,44920.753,51437.353,21388.5,420604.428,40159.41,83537.879,108396.769,14811.276,29780.797,50650.807,54609.204,20123.084,402069.227,BEL,1513.99,13676844.0,Belgium,12.94945044754074,12.904382046373783,7.323164117261619,16.43121481490483
7,553.159,546.846,1605.142,706.944,1101.825,737.666,192.192,833.94,6277.713,1798.239,968.105,3331.136,655.871,1123.373,1454.895,724.903,378.014,10434.534,BIH,0.0,0.0,Bosnia and Herz.,8.744920302154197,9.252971992135837,0.0,0.0
8,79262.296,10629.111,70037.759,1697.351,16314.529,17284.0,19844.882,2528.749,217598.677,11204.848,31311.08,38814.821,3042.018,8638.579,38129.657,12779.654,6828.796,150749.452,BRA,1736.55,96395709.0,Brazil,12.290412309587824,11.923381112926561,7.460231354003315,18.38397225651584
9,11.012,201.895,5010.7210000000005,12.589,33.022,100.521,38.679,151.408,5559.846,466.491,230.751,602.671,64.301,489.549,755.337,298.003,168.273,3075.377,BRN,132.61,1172201.0,Brunei,8.623505533943113,8.031507884883986,4.894925108600803,13.974394589216493
10,4720.821,2647.756,7148.877,2096.443,5548.434,5540.573,1109.155,1516.395,30328.455,3556.086,3677.984,11193.689,1364.655,3511.698,6521.769,2533.858,1288.086,33647.824,BGR,2.54,1110884.0,Bulgaria,10.3198746315136,10.423733386468122,1.264126727145683,13.920667552913166
11,4467.168,25.518,4759.256,2745.429,944.545,227.495,514.874,99.729,13784.016,2852.841,1467.384,6312.781000000001,426.103,1664.572,3018.659,2831.62,558.272,19132.231,MMR,5.49,2853924.0,Myanmar,9.531337484139124,9.859181945193189,1.8702625307159986,14.864205797766825
12,4904.314,3631.935,11045.114000000001,859.542,2056.927,2438.35,2532.394,979.963,28448.541,4523.591,2682.725,13634.734999999999,1081.125,3411.33,5473.799,1821.506,1134.314,33763.126,BLR,1.67,2493100.0,Belarus,10.255887305856668,10.427154156881981,0.9820784724121582,14.729037875122673
13,49994.968,24402.649,158801.299,2775.11,32423.17,45301.835,72782.262,14894.308,401375.601,36941.519,37304.008,86163.96100000001,15127.434,28665.76,106185.243,84762.1,28479.757,423629.78,CAN,2840.99,91404001.0,Canada,12.9026554201724,12.956617552959088,7.952259790002016,18.330799821023806
14,3031.566,201.086,2115.731,5079.126,130.283,492.889,411.586,278.77,11741.037,2790.753,1481.395,8005.450000000001,1614.996,1630.129,3058.379,2114.537,620.418,21316.056,LKA,398.61,5342456.0,Sri Lanka,9.370930587700753,9.967262782441049,5.990489071486302,15.491196217476695
15,17027.275,3031.294,27691.076,564.114,18648.574,1084.928,931.03,250.966,69229.257,6741.948,5841.246,16559.508,4975.512,3452.006,15032.068,9356.488,3102.955,65061.731,CHL,1237.96,17641094.0,Chile,11.14519328592865,11.083107175783299,7.122027597007919,16.685741681446288
16,73582.884,114451.669,318303.231,264034.462,165096.874,981568.73,104808.916,236238.719,2258085.486,115292.738,132551.185,626057.494,15271.891,95563.772,627454.864,107267.778,109648.136,1829107.859,CHN,23323.61,551234509.0,China,14.630028324995441,14.419339443917877,10.057264305318524,20.127670884557283
17,7315.379,1890.032,24857.801999999996,625.464,1177.251,908.91,614.231,365.12,37754.188,6030.301,7535.564,9774.087,1340.558,3405.587,10463.262,4795.709,2289.875,45634.943,COL,1140.72,32506882.0,Colombia,10.538878175698047,10.728450908701543,7.040291176265556,17.296962409492156
18,5062.394,696.82,1152.101,57.428,444.999,594.153,13.186,3275.559,11296.64,2242.636,2132.729,4349.142000000001,598.438,1385.153,3144.886,1397.169,1102.197,16352.35,CRI,10.55,1822880.0,Costa Rica,9.332349133330803,9.702188048304063,2.446685436967803,14.415928774514255
19,2115.102,2022.729,4414.407,1112.96,1307.964,2707.112,996.924,1025.902,15703.101,3282.044,2726.581,6742.792,1742.557,2199.435,4274.721,2012.396,1528.613,24509.139,HRV,0.58,2057804.0,Croatia,9.66167716741804,10.106842147660709,0.4574248470388755,14.537150438700271
20,476.379,393.455,864.0269999999999,20.513,92.934,350.492,1009.382,88.272,3295.454,1333.909,690.179,2311.506,394.163,395.935,858.264,2878.772,380.813,9243.54,CYP,0.34,672796.0,Cyprus,8.100602624262152,9.13178838595812,0.29266961396282004,13.419198928653525
21,8415.574,7660.744,25408.358,4702.484,15642.562,66306.772,39740.609,14094.789,181971.893,9828.099,12052.601,30930.719,5654.933,17727.217,58745.77,18265.38,9590.181,162794.902,CZE,27.81,5450671.0,Czechia,12.111613015405895,12.000252560243585,3.360722549096437,15.51124946179056
22,20672.73,19647.493,13117.754,5530.255,6013.3,22842.839,3988.875,8390.272,100203.519,13664.989,9100.982,17141.61,6437.131,7145.34,20354.71,10819.03,6504.621,91168.413,DNK,0.0,0.0,Denmark,11.514968566416336,11.420474736036777,0.0,0.0
23,2053.327,690.161,2741.726,1094.521,396.04,812.034,25.34,1042.496,8855.645,3048.602,1757.621,7415.503000000001,726.795,1216.813,3151.412,1440.725,765.991,19523.463,DOM,0.0,0.0,Dominican Rep.,9.088923303714672,9.879423471128643,0.0,0.0
24,10431.041,116.224,7857.224,67.428,326.237,193.759,78.308,48.659,19118.88,2110.19,2931.002,5863.646,475.605,1490.725,4098.715,1909.82,881.017,19760.719,ECU,57.68,5121235.0,Ecuador,9.85848391043507,9.891501961445233,4.072098953274781,15.44890637413189
25,1103.037,296.376,1118.794,2490.715,280.663,359.239,11.938,98.31,5759.073,1813.242,1180.756,3438.633,991.643,745.939,1518.163,530.697,354.414,10573.486,SLV,13.77,2670560.0,El Salvador,8.658705427220738,9.266199397532262,2.6925980965432883,14.797799120665472
26,1591.781,844.323,4503.229000000001,471.092,1222.393,3929.384,1037.889,1765.862,15365.953,1991.692,1513.433,4244.674999999999,680.971,1475.886,4338.165,2182.097,930.211,17357.129,EST,0.0,13103.0,Estonia,9.63997457354867,9.76181620590834,0.0,9.480672806092851
27,488.58,24.091,248.46499999999997,50.214,28.013,81.442,17.451,12.243,950.5,444.502,141.012,776.9069999999999,67.226,173.269,431.826,240.988,128.775,2404.505,FJI,102.6,1557876.0,Fiji,6.858039686736205,7.785515139707292,4.640537329825382,14.258834554927901
28,1783.363,4759.905,24411.714999999997,638.727,9360.029,14286.284,6848.586,3790.02,65878.629,5880.68,6046.629,18122.796,2315.011,7679.964,15130.992,7565.536,3811.468,66553.076,FIN,852.01,14831371.0,Finland,11.095584552824597,11.105770069130296,6.748771270752387,16.5122552250068
29,68339.863,84955.275,79927.778,17106.056,36471.637,102618.491,105399.312,28180.134,522998.546,62054.834,68967.7,134145.472,35322.27,41743.584,137612.146,91128.478,41828.704,612803.189,FRA,4260.6,68316473.0,France,13.16733587497785,13.325800733220664,8.357399955602789,18.039661496042484
30,84992.349,181242.198,183399.22900000002,36763.072,107275.907,397998.66,311825.141,104651.264,1408147.819,103693.717,134984.084,235747.192,59345.536,98820.309,298190.746,146710.001,76390.893,1153882.478,DEU,7391.23,116847033.0,Germany,14.15778650542727,13.958643748681775,8.908184727556081,18.576376235657367
31,6405.948,2629.325,14079.228000000001,922.673,3732.422,2606.908,334.596,867.108,31578.207,7657.94,6768.802,19134.34,2734.955,4041.105,6471.41,5954.767,2261.652,55024.97,GRC,23.5,13861828.0,Greece,10.360254176664712,10.915560534590034,3.1986731175506815,16.44464950550171
32,5471.454,977.75,1959.4589999999998,1561.066,580.358,252.739,56.956,151.61,11011.391,2733.971,2434.322,5941.699,785.441,1260.183,2964.555,1604.368,653.376,18377.914,GTM,0.55,155524.0,Guatemala,9.306776372352092,9.81895930820103,0.4382549309311553,11.95456176938322
33,3132.129,187.956,714.391,26.069,229.413,555.292,65.973,58.921,4970.144,1582.7,1210.42,2412.9919999999997,348.337,699.281,1364.874,632.699,360.937,8612.241,HND,0.1,229684.0,Honduras,8.511405273689592,9.06105594935673,0.09531017980432493,12.344464083976316
34,11661.995,7805.22,115332.44200000001,21213.09,6548.558,348859.841,2010.023,35783.008,549214.177,28277.072,12464.943,112778.35800000001,18963.147,7638.735,366119.152,7320.788,35160.712,588722.909,HKG,12415.2,45580297.0,Hong Kong,13.216245587235562,13.285712607407218,9.426757350540687,17.634986119715684
35,10042.294,10283.659,14752.105,1804.382,5639.819,43771.773,19743.831,7203.818,113241.68,6400.979,9828.294,20348.739,2968.34,9104.859,38533.146,12304.673,4527.136,104016.166,HUN,0.0,26066294.0,Hungary,11.63728840549471,11.552311222195295,0.0,17.076153658433757
36,2103.157,49.669,121.517,4.375,2159.073,134.434,120.909,148.849,4841.983,699.468,1041.566,1389.1390000000001,263.256,457.738,1455.515,1231.036,431.679,6969.398,ISL,158.06,7242611.0,Iceland,8.485286132176132,8.849427603989456,5.069281489528989,15.795492472779458
37,36743.577,11045.438,72267.29699999999,13918.018,9533.335,14340.116,7187.935,3733.647,168769.364,17588.817,16007.732,49098.242,3783.071,16021.617,39700.925,9146.157,5001.532,156348.092,IDN,1056.04,110252913.0,Indonesia,12.036294277009622,11.959846555385914,6.963227828105961,18.518287502780943
38,6416.583,6092.257,85718.298,1140.009,5156.5,935.917,158.734,194.95,105813.246,10549.402,5847.168,6902.936,398.804,4049.01,13787.645,3600.973,2352.542,47488.479,IRN,175.82,19282796.0,Iran,11.569440439625355,10.76826347075231,5.175132265977658,16.774723909238766
39,14612.359,76203.934,5074.197,456.467,1449.015,16970.171,7340.18,14812.433,136918.757,9719.773,18182.353,12157.18,2864.537,2677.129,13222.653,23056.268,4446.768,86326.662,IRL,147.64,153537551.0,Ireland,11.827150317883563,11.365905358736118,5.001527275065528,18.849455733508904
40,2240.567,14305.832,20403.853,504.428,2090.415,12178.409,3321.945,6104.662,61150.111,6104.054,6401.153,21356.909,2833.603,3927.709,16737.534,6854.881,4361.888,68577.731,ISR,912.9,7065040.0,Israel,11.021103309388542,11.135737721908704,6.817721156278156,15.770669377339411
41,46294.119,52190.33,99999.877,36936.479,47300.213,129591.748,54060.759,31941.536,498315.063,49154.14,55073.944,123949.873,24969.517,43638.311,78805.27,52584.36,21941.451,450116.864,ITA,1405.6,27836417.0,Italy,13.118989819350984,13.017264747451447,7.248930723873918,17.141855721359494
42,6299.21,53899.225,79764.776,2673.226,54393.864,243970.285,164054.061,48999.956,654054.602,69856.89,58471.743,224610.23799999998,37528.828,32553.192,162890.612,28588.151,45663.29,660162.943,JPN,10684.57,123898000.0,Japan,13.390947645174105,13.400243481641661,9.276649512142297,18.6349692124902
43,2379.047,2375.646,34055.415,103.993,8730.404,422.015,193.798,62.889,48323.207,3422.151,3271.893,6282.683000000001,962.245,3422.373,7736.841,2382.666,1815.265,29296.115,KAZ,49.3,5653190.0,Kazakhstan,10.785687894216077,10.285244325993423,3.9180050771056933,15.547730722456185
44,1225.783,1999.926,1200.954,1625.999,318.458,584.672,357.758,137.69,7451.241,3865.54,1513.142,6153.911,1144.299,1171.234,3242.459,2311.482,648.115,20050.183,JOR,158.96,3381677.0,Jordan,8.916270071509869,9.906043433487902,5.074923783978618,15.03388259397296
45,8047.825,43618.874,93209.37299999999,8045.766,49733.008,232370.783,105795.817,32805.924,573627.369,29023.177,40709.664,163461.618,13458.086,39465.838,143409.56,19550.84,29390.333,478469.116,KOR,11002.2,84045163.0,South Korea,13.259737024854871,13.078349034424322,9.305941418565572,18.24686487898332
46,536.171,1695.985,50553.363000000005,90.467,252.128,380.222,889.065,215.269,54612.672,5111.428,3319.73,4529.228,1576.025,3562.968,9217.938,3947.352,2279.766,33544.436,KWT,304.17,5586034.0,Kuwait,10.908039533317819,10.420656097378613,5.7208689983797,15.53578029113179
47,218.613,14.257,1075.5729999999999,153.557,72.461,73.271,138.793,10.939,1757.464,638.778,404.94,1504.205,627.975,333.538,636.367,195.603,145.887,4487.292,KGZ,0.02,1127285.0,Kyrgyzstan,7.472195979711307,8.40922750747466,0.01980262729617973,13.935323531901128
48,4410.248,333.581,2467.307,63.412,340.388,995.64,21.944,102.51,8735.03,46272.775,53781.821,15630.704999999998,1092.005,2594.484,18006.378,1883.669,1135.231,140397.068,LBN,53.39,2869266.0,Lebanon,9.075211132044725,11.852237009795408,3.9961803134348695,14.869567154418627
49,27.304,2.051,80.326,467.122,2.074,66.903,5.752,21.373,672.905,380.026,129.139,673.702,220.94,297.908,200.407,112.751,49.009,2063.881,LSO,0.0,0.0,Lesotho,6.513089151423089,7.632827876615983,0.0,0.0
50,2695.26,986.263,3971.661,345.461,1142.213,2331.592,813.389,707.931,12993.77,2684.211,1593.897,3761.2369999999996,587.156,1273.527,3393.072,1826.825,777.471,15897.395,LVA,2.83,3441024.0,Latvia,9.472302247803915,9.673973439716969,1.3428648031925547,15.051279950083071
51,5397.724,2982.168,8811.045,1085.717,1697.561,4563.506,1524.72,3171.696,29234.136,4126.557,3646.742,10187.077000000001,1090.888,1987.376,5630.601,2949.379,1357.604,30976.225,LTU,0.47,1069268.0,Lithuania,10.283126552557219,10.34100753604022,0.3852624007906449,13.882485795395858
52,1282.1,833.33,3859.3599999999997,289.072,3240.444,2598.251,1263.419,324.397,13690.373,2557.086,1670.85,5223.83,602.255,2692.747,3428.49,3982.243,902.755,21060.257,LUX,7321.11,1901012.0,Luxembourg,9.524521205437646,9.955190470516479,8.898653816785034,14.457897459953234
53,1317.903,63.661,366.957,539.557,497.382,25.393,5.645,24.941,2841.438,754.68,282.926,1320.4379999999999,196.84,187.107,492.187,312.649,96.406,3643.233,MDG,15.03,486425.0,Madagascar,7.9524174136014105,8.200901197060206,2.7744619666214616,13.094840062152851
54,21752.409,12025.615,60331.636,1970.075,12022.947,92053.981,3985.54,11561.962,215704.164,15161.993,14078.056,49287.948000000004,3193.15,16179.805,77056.202,10008.028,8165.043,193130.225,MYS,1261.64,58188823.0,Malaysia,12.281667772748996,12.171125159124383,7.140960046090662,17.879203866770617
55,855.645,75.439,293.729,661.904,23.588,77.087,27.232,87.998,2102.622,1303.056,363.96,1707.602,184.822,254.373,816.911,407.296,231.464,5269.484,MUS,196.05,1674395.0,Mauritius,7.651415899922529,8.569877477925528,5.283457503641013,14.330963061195641
56,158.468,1.471,5851.285,45.001,101.001,22.77,17.031,3.567,6200.593,544.298,315.039,1371.814,69.025,333.818,920.844,622.675,159.806,4337.32,MNG,8.37,602775.0,Mongolia,8.732561473514785,8.37524245537896,2.2375130962503307,13.309300930741474
57,54.464,19.133,166.735,1.47,126.93,23.435,23.801,4.902,420.871,599.721,246.202,621.72,140.171,230.585,431.202,197.511,143.423,2610.536,MNE,0.11,507637.0,Montenegro,6.044699580100363,7.867693832962269,0.10436001532424286,13.137523874116482
58,5587.231,4008.597,2616.32,3881.368,672.95,4568.873,3997.249,291.709,25624.298,5334.821,3486.053,14441.671000000002,1654.588,3450.772,9344.845,5485.189,1841.154,45039.093,MAR,74.09,8436970.0,Morocco,10.151335345641382,10.7153083276427,4.318687394111793,15.948133915901131
59,1659.883,2277.735,24288.249,112.103,1753.23,1036.544,1542.436,190.202,32860.383,3622.66,1954.861,6311.923,471.403,3629.006,6146.486,3235.934,1035.393,26407.665,OMN,435.48,9065019.0,Oman,10.400053478350152,10.181447454979075,6.078742555215043,16.019933608456576
60,1168.977,56.36,2848.486,5.251,696.921,112.098,308.934,23.01,5220.038,928.067,629.458,2270.331,273.336,705.394,957.326,744.872,265.186,6773.97,NAM,22.21,623076.0,Namibia,8.560451511683242,8.820990217693817,3.1445832202863455,13.342425385637913
61,97415.801,69123.207,102271.70499999999,15656.822,32035.361,120329.126,28888.752,38170.542,503891.314,65081.729,47280.756,108233.76099999998,19685.495,27902.722,115359.064,31647.155,34699.222,449889.904,NLD,5697.73,42770628.0,Netherlands,13.130117861525967,13.016760396798697,8.647998621979927,17.571362186664977
62,23528.835,1660.052,6627.115,340.322,1417.241,1902.699,468.718,836.229,36781.211,4807.118,3550.321,8410.419,1861.94,1934.359,9122.35,7284.515,2822.487,39793.51,NZL,1335.95,16271523.0,New Zealand,10.512769610544023,10.591484242059481,7.198146179244836,16.60492714413858
63,2427.847,40.72,455.03,1343.595,30.042,605.871,7.849,14.25,4925.202,1093.524,1097.641,1882.7689999999998,1034.428,504.578,1283.069,467.577,336.699,7700.285,NIC,0.0,0.0,Nicaragua,8.502323584741875,8.94914247703522,0.0,0.0
64,12191.53,3430.054,61693.679,195.31,8046.728,6710.668,3094.405,2431.056,97793.429,8499.08,7474.011,13309.034,3744.081,11392.488,17860.497,15434.632,7004.387,84718.211,NOR,0.0,0.0,Norway,11.490622891210261,11.34709766720076,0.0,0.0
65,4473.395,417.458,6172.6849999999995,9165.594,421.267,274.834,81.208,870.235,21876.676,6900.688,6204.304,21205.373000000003,951.667,5214.103,11608.495,3822.678,1497.916,57405.223,PAK,249.87,9919768.0,Pakistan,9.993222035172508,10.957907991065362,5.524934876673747,16.110040192699604
66,5450.508,123.304,2553.261,138.485,66.19,248.895,63.188,36.004,8679.833,1073.039,1704.044,2750.204,399.146,615.882,3426.542,1231.396,673.154,11873.407,PRY,1.85,457249.0,Paraguay,9.068872770791723,9.38214069081385,1.0473189942805592,13.032985566253112
67,8791.724,792.472,29316.262000000002,982.963,3743.128,363.828,73.513,173.981,44237.87,5058.803,4309.969,10962.706,1481.124,2821.543,9333.427,4060.231,1735.975,39763.777,PER,315.89,15728393.0,Peru,10.697359093374523,10.590736799428825,5.758554710503181,16.570978171920018
68,29583.075,16275.605,39325.375,8615.898,21872.442,53229.134,31378.628,20749.667,221029.824,19965.758,22037.86,49015.422,10550.245,23237.23,52505.577,25293.571,12223.299,214828.962,POL,221.81,7376934.0,Poland,12.306057445887262,12.277602119785032,5.4063193903493145,15.813868798657769
69,7785.19,3111.426,18401.547,7283.683,4894.167,9533.295,7410.484,3710.34,62130.131,11887.405,7746.165,20282.537,3977.891,6242.657,13344.037,10531.206,3821.894,77833.792,PRT,421.83,15943356.0,Portugal,11.037002446658349,11.262343808146728,6.0469702070133895,16.58455281141127
70,7277.561,2336.154,10977.627,5260.417,6000.045,20084.156,12728.267,5426.555,70090.783,8345.056,8354.246,19061.623999999996,4181.382,8992.973,23663.661,8502.558,3886.709,84988.209,ROU,2.8,4425717.0,Romania,11.157560847892455,11.35027957447207,1.33500106673234,15.302943083148461
71,20705.591,16451.911,246955.7,728.714,37251.428,12863.181,7001.675,3047.777,345005.977,28818.717,27870.745,26615.791999999998,11531.824,15633.621,72019.107,31761.491,12305.025,226556.321,RUS,6845.23,89373638.0,Russia,12.751319918997417,12.330753264735376,8.83145341478638,18.30833633089047
72,3154.612,1033.198,3381.3959999999997,1151.817,2303.542,3269.244,1529.957,786.157,16609.923,1695.896,2136.728,6135.44,788.672,2051.602,3655.002,1724.343,773.503,18961.184,SRB,7.36,2442731.0,Serbia,9.717815769997822,9.850201959048587,2.1234584270966104,14.708627643035197
73,35612.327,37380.945,110600.381,28048.277,28136.642,25427.344,23429.417,5451.767,294087.098,25247.92,38976.885,236734.496,3459.342,26517.82,82852.065,14439.112,11763.023,439990.662,IND,2407.32,139822450.0,India,12.591634654495031,12.99451105571489,7.786684687965018,18.75588396857549
74,3204.501,2114.325,13270.045,2659.317,8716.269,27859.861,23044.92,3609.707,84478.946,4845.925,5213.854,17025.012,3024.312,8107.394,27174.486,12505.051,4976.85,82872.882,SVK,0.0,7925.0,Slovakia,11.344269459735338,11.32507523720109,0.0,8.97790377375038
75,1433.902,4685.508,6662.428999999999,593.105,3728.363,7315.171,5338.904,2111.172,31868.554,2634.079,3501.746,7795.064,1153.227,3952.044,6119.669,4532.365,1460.585,31148.778,SVN,0.57,1087075.0,Slovenia,10.369406412961405,10.346562397384425,0.45107561936021656,13.899002080862564
76,9851.191,5461.601,41788.541,903.449,10545.333,7170.86,10586.072,1307.546,87614.592,6740.107,9045.146,21136.411,3302.573,4386.599,19470.747,8317.747,3782.69,76182.02,ZAF,833.93,20821044.0,South Africa,11.380714251953568,11.24089388219774,6.7273478890014,16.851474812014473
77,53196.962,31938.909,59406.928,19031.426,25823.831,40601.802,64656.04,10715.703,305371.602,40466.607,39071.738,85203.294,24119.411,23362.836,59176.702,50696.596,18341.991,340439.175,ESP,1065.72,71908522.0,Spain,12.629287955889014,12.73799469163142,6.97234379886975,18.090905355304393
78,1909.524,14.552,2284.884,0.462,31.111,0.0,0.0,0.098,4240.63,2202.016,1011.716,2106.9649999999997,512.799,771.658,1925.509,1445.314,298.208,10274.185,SDN,5.67,328741.0,Sudan,8.352702908312464,9.23748704406853,1.8976198599275322,12.70302852757726
79,9819.879,14101.774,37459.744,2828.084,14425.243,38022.867,21570.918,8123.903,146352.412,16968.723,12447.217,31153.939,6464.135,12761.752,37192.36,20304.89,9155.775,146448.789,SWE,0.0,0.0,Sweden,11.893779605821617,11.894437911490076,0.0,0.0
80,9236.41,98312.801,96642.916,3501.331,9592.082,35967.351,5515.873,40539.929,299308.693,12612.345,45620.403,115372.617,9652.091,12280.698,33026.004,19338.152,19599.186,267501.496,CHE,1581.35,26737536.0,Switzerland,12.60923407888271,12.496884176115788,7.366666362795927,17.10157901619606
81,11327.463,5679.87,124565.09899999999,4014.719,12570.224,39690.314,16359.952,4686.951,218894.592,20046.625,14491.07,80384.023,8556.036,14991.5,77335.717,31282.816,10567.408,257655.195,ARE,16516.68,95306296.0,United Arab Emirates,12.29635014625932,12.459381397713383,9.712186601377583,18.372606441992428
82,16908.662,6055.079,38807.969,22109.356,18983.94,21915.387,26868.826,4929.897,156579.116,12666.085,19600.027,88196.328,4192.069,29578.006,48316.919,23201.187,7679.027,233429.647,TUR,4800.24,107917326.0,Turkey,11.961323081296987,12.360640296984108,8.476629496867005,18.49687600121011
83,601.56,1297.349,591.413,623.626,627.407,1403.248,269.493,252.761,5666.857,853.536,663.384,3178.075,318.356,765.774,1284.534,392.548,255.201,7711.409,MKD,0.0,0.0,Macedonia,8.642566371134507,8.950585869116482,0.0,0.0
84,30056.058,62723.633,96729.217,12674.405,22160.052,93571.251,75554.469,32888.052,426357.135,63765.996,64308.208,157702.52,36489.098,30155.504,139780.582,92251.136,43382.808,627835.851,GBR,5917.24,151867276.0,United Kingdom,12.963034964555773,13.35003562029743,8.685794386379152,18.838517519737323
85,1714.883,134.065,2038.637,179.605,52.192,27.505,9.678,21.544,4178.109,811.371,1163.783,2485.932,203.361,583.123,1524.112,726.72,267.01,7765.411,TZA,0.38,1120060.0,Tanzania,8.337853344902692,8.957563431888923,0.3220834991691132,13.928893706073866
86,143356.522,159684.55,351947.105,13715.312,68463.305,376459.663,266676.175,122869.946,1503172.578,152807.594,200343.795,443617.868,138477.107,133411.658,705700.876,329721.636,212168.144,2316248.679,USA,41591.55,849403000.0,United States of America,14.223089149758206,14.65545991799562,10.635676343672984,20.56004430891938
87,5064.852,364.97,1990.52,24.722,94.467,103.751,123.276,122.83,7889.387,1163.992,1205.843,2251.4230000000002,462.651,421.567,1601.917,911.979,438.504,8457.877,URY,0.0,0.0,Uruguay,8.973400462066694,9.042971701472442,0.0,0.0
88,600.957,367.414,618.8969999999999,2.829,6397.095,138.701,22.372,5.266,8153.531,511.075,2005.899,3148.2430000000004,142.737,528.456,1574.366,683.522,172.814,8767.111,ZMB,81.56,154573.0,Zambia,9.006329002671695,9.078876668779197,4.4135253017332525,11.948428225054396
89,658.91,79.558,12717.656,22.924,245.051,50.449,11.521,9.398,13795.467,1699.287,827.274,1485.1319999999998,330.582,1060.731,1866.665,597.827,410.718,8278.216,AZE,751.14,2331308.0,Azerbaijan,9.532167823875238,9.021503556905966,6.6229224768350825,14.661940470365005
90,35027.278,4667.236,8001.753,103.843,1716.122,1335.804,6360.307,271.538,57483.882,3004.383,9070.535,12586.059,1572.202,3572.707,18562.185,14825.42,3149.324,66342.814,ARG,306.26,18308373.0,Argentina,10.959277270476331,11.102605802557834,5.727694294702514,16.722869108775114
91,105.376,52.664,5464.346,17.752,23.554,169.894,55.364,5.978,5894.927,666.153,379.636,2586.8720000000003,144.662,236.444,689.541,399.139,160.858,5263.304,BWA,0.0,220844.0,Botswana,8.682017052517082,8.568704222097521,0.0,12.30521637696762
92,208.843,15.655,35.173,2.926,0.937,2.635,4.1,6.645,276.915,190.4,84.481,247.85899999999998,83.228,63.351,142.157,56.587,43.311,911.374,BLZ,3.75,1285642.0,Belize,5.627315311542243,6.816049993730642,1.55814461804655,14.066769540263635
93,118.191,0.058,377.60200000000003,0.024,0.456,2.502,0.514,0.369,499.715,140.839,23.35,131.988,13.118,46.887,157.49,43.534,14.563,571.77,SLB,3.84,427806.0,Solomon Is.,6.2160370769458835,6.350484239973178,1.5769147207285403,12.966427438282922
94,88.833,1.473,53.662000000000006,0.196,1.504,1.331,1.085,1.323,149.406,151.07,126.016,248.895,49.782,55.873,63.058,64.437,24.168,783.299,BDI,0.0,0.0,Burundi,5.013338304337031,6.664790325195495,0.0,0.0
95,717.306,102.494,2201.6230000000005,8.309,180.079,30.465,13.31,10.6,3264.185,1208.505,629.652,1478.509,137.394,378.382,846.3,379.918,124.97,5183.629,CMR,0.0,236000.0,Cameroon,8.091071701667348,8.553453565548173,0.0,12.371591321286905
96,218.017,9.365,433.01599999999996,0.589,21.889,34.717,6.91,1.761,726.265,1691.347,139.809,710.094,28.779,97.53,204.106,166.608,21.796,3060.07,BEN,0.0,0.0,Benin,6.589290922807157,8.026519807027615,0.0,0.0
97,778.326,283.643,737.119,90.381,441.019,98.056,266.399,33.412,2728.356,1173.806,767.078,2491.736,394.72,565.937,1328.38,773.238,401.532,7896.425,GEO,0.26,323303.0,Georgia,7.911820962914931,8.974292035954983,0.23111172096338664,12.686348336046514
98,3430.183,157.47,10529.495,19.29,158.049,35.728,4.107,24.188,14358.51,2396.665,1220.155,3072.6050000000005,263.766,1281.649,2178.336,1907.197,397.769,12718.142,GHA,0.76,299384.0,Ghana,9.572167719457353,9.45086338178888,0.5653138090500605,12.609485649512207
99,7011.481,416.643,3986.245,105.614,79.065,135.107,771.262,54.443,12559.859,2042.118,1062.13,2813.7879999999996,172.036,562.672,1368.533,1307.35,276.206,9604.834,CIV,1.37,788098.0,Côte d'Ivoire,9.438340829403328,9.170125901209328,0.8628899551470398,13.577378995466427
100,342.796,532.161,367.509,2.821,18.431,27.286,6.392,8.147,1305.544,1031.048,525.615,2097.095,138.541,293.738,772.696,694.895,243.971,5797.6,JAM,2.84,151326.0,Jamaica,7.175140762158605,8.66537178808749,1.3454723665996355,11.927198337259366
101,3425.671,418.417,1016.4970000000001,385.312,240.219,127.242,59.972,74.085,5747.415,3191.299,1712.207,4610.804,491.738,1356.614,2949.514,1765.747,612.274,16690.197,KEN,254.35,4892682.0,Kenya,8.65667944361844,9.722636733676724,5.542635153093653,15.403251381742935
102,797.29,5.188,31.268,6.094,3.882,19.828,10.901,9.402,883.852,315.962,513.702,739.5649999999999,89.53,151.435,477.894,167.225,91.728,2547.042,MWI,0.01,10545.0,Malawi,6.7854203993847415,7.843080500072686,0.009950330853168092,9.263501920090414
103,258.513,105.19,1418.783,1.898,15.379,28.036,69.406,5.525,1902.73,731.049,581.798,1562.519,67.396,269.343,648.382,358.78,117.299,4336.565,MLI,0.0,0.0,Mali,7.551570398573098,8.37506840973361,0.0,0.0
104,32529.111,9832.995,54479.50199999999,6198.875,16755.93,147530.128,105475.072,31341.053,404142.665,25937.062,28992.123,85623.191,7735.329,34502.516,156918.269,42955.416,22636.517,405300.424,MEX,928.84,58536878.0,Mexico,12.909525700165947,12.912386326057057,6.835012528335453,17.88516752383342
105,510.66,10.017,2892.887,5.645,1219.33,27.059,50.476,2.443,4718.518,855.197,505.55,1803.686,138.599,820.168,844.077,586.384,148.043,5701.705,MOZ,3.93,569829.0,Mozambique,8.45946195472107,8.648695902657499,1.5953389880545987,13.25309334971263
106,211.175,44.086,194.76899999999998,195.106,73.508,7.537,1.012,13.55,740.743,1778.93,733.836,3258.163,225.957,1294.251,1571.15,929.59,245.962,10037.84,NPL,6.03,779896.0,Nepal,6.609002821984507,9.214216848722103,1.9501867058225735,13.566917138664184
107,39.566,6.071,12.127,0.772,16.7,3.75,1.518,5.296,85.801,356.246,109.317,225.82500000000002,71.841,55.442,165.915,84.831,115.608,1185.025,ABW,0.0,0.0,Aruba,4.4636181423372685,7.078362658593517,0.0,0.0
108,6578.205,1400.191,7356.781999999999,1367.639,3539.997,41659.434,3532.93,3277.434,68712.611,11737.108,7371.07,22553.298000000003,1497.007,7660.674,36506.671,10972.085,3591.518,101889.432,PHL,756.94,44087368.0,Philippines,11.137702580857558,11.531653318825866,6.630604226836573,17.601683882158266
109,42.735,4.475,29.472,5.648,5.689,20.778,22.892,9.108,140.797,167.322,46.21,202.071,18.318,42.525,102.069,38.354,42.273,659.144,LCA,0.0,0.0,Saint Lucia,4.954396457315691,6.492457993040461,0.0,0.0
110,1027.684,300.846,1355.205,59.077,124.296,69.73,40.457,11.748,2989.042,1625.336,527.995,2121.074,87.325,512.072,1171.248,505.97,177.652,6728.672,SEN,0.04,21038.0,Senegal,8.003042713108819,8.814281684452574,0.03922071315328133,9.95413313720502
111,9896.437,37005.846,87125.365,2295.66,7960.07,176504.223,10439.904,20776.74,352004.246,12741.999,21126.484,109303.49699999999,3728.347,10031.652,138286.099,13523.455,15998.604,324740.136,SGP,7006.89,37679940.0,Singapore,12.77140135787827,12.690783639318148,8.854791936146006,17.4446384418538
112,27032.046,3231.847,27367.396999999997,42899.262,8328.7,86544.56,3500.789,15926.935,214831.536,17633.032,15237.183,48021.056000000004,8222.808,21957.314,86414.783,5210.364,10228.377,212924.916,VNM,453.35,42592762.0,Vietnam,12.277614101282193,12.268699571984294,6.118867826141356,17.567194914178803
113,989.335,10.719,1651.205,16.063,731.045,51.334,12.687,17.594,3479.983,740.698,721.423,1972.56,58.712,240.497,772.405,338.999,91.982,4937.275,ZWE,0.67,282539.0,Zimbabwe,8.155070004145392,8.504771358917443,0.5128236264286637,12.551575412465656
114,467.933,913.931,152.275,220.426,6.479,22.52,5.775,11.77,1801.109,308.196,219.396,490.2,82.47,105.381,185.047,114.817,69.713,1575.22,SWZ,0.0,0.0,eSwatini,7.496712924685219,7.362784854584131,0.0,0.0
115,153.849,64.464,393.718,44.126,21.295,21.783,44.265,5.755,749.255,294.954,205.265,560.985,69.404,128.308,162.288,157.081,36.636,1614.921,TGO,8.57,500686.0,Togo,6.620413148743454,7.387660351747461,2.258633205464863,13.123736434330086
116,1530.901,842.714,1983.54,2872.776,579.984,4607.143,861.912,920.845,14199.816,2327.41,1554.249,6487.723,1045.034,1884.069,4844.97,1751.874,722.743,20618.073,TUN,12.15,4194174.0,Tunisia,9.561054706727047,9.93397180020733,2.5764217586237734,15.249207215849117
117,1712.735,81.109,843.088,19.161,99.847,41.121,80.793,23.612,2901.466,856.246,707.051,1823.452,241.194,414.365,874.94,493.414,185.241,5595.904,UGA,0.02,54937.0,Uganda,7.973315999463815,8.629968866698523,0.01980262729617973,10.913960555637539
118,17772.513,1663.582,6959.366,833.494,10122.987,4241.643,598.429,880.106,43072.121,4290.621,6540.046,18556.058999999997,1214.725,3010.007,9816.753,4165.946,1502.032,49096.189,UKR,59.68,6821095.0,Ukraine,10.67065443885443,10.801557061634574,4.105614154480332,15.735530720720487
119,4858.771,3162.184,11318.268,1995.309,1950.118,1874.715,127.56,656.274,25943.2,13608.229,6518.781,22637.627999999997,950.267,7512.875,10530.091,3209.111,1371.794,66338.776,EGY,430.15,12017179.0,Egypt,10.163703356868941,11.102544935950272,6.066456057398334,16.301847850561316
120,370.513,6.799,2177.158,2.078,173.887,33.501,21.405,4.82,2790.162,456.886,437.104,1288.713,51.115,304.977,785.264,325.433,67.621,3717.114,BFA,0.02,145049.0,Burkina Faso,7.934213275563782,8.220971829457376,0.01980262729617973,11.88483378954955
121,24.987,0.256,13.982,0.284,0.586,3.699,0.056,0.088,43.937,99.26,21.478,112.58,7.291,29.192,45.531,25.238,15.537,356.108,WSM,0.02,135335.0,Samoa,3.8052615088546915,5.8780382570377885,0.01980262729617973,11.815515854155128
122,5.033,0.602,3.837,12.858,3.334,6.127,27.751,2.824,62.365,146.623,37.042,176.367,25.21,58.533,70.372,76.964,38.419,629.531,ATG,0.32,590517.0,Antigua and Barb.,4.148911658534027,6.446562321523818,0.27763173659827955,13.288755396796796
123,553.105,19.847,862.1719999999999,0.99,9.593,79.581,262.937,1.465,1789.69,264.578,206.151,587.7790000000001,44.282,106.051,380.4,122.826,49.487,1761.553,GUY,0.0,0.0,Guyana,7.490356299418789,7.474518605156288,0.0,0.0
124,3.752,0.068,6.303999999999999,0.417,2.157,19.435,0.305,0.807,33.246,80.156,22.531,63.946,13.767,22.034,58.285,21.345,26.882,308.947,KNA,0.0,0.0,St. Kitts and Nevis,3.5335697695667796,5.736401315120606,0.0,0.0
125,29.779,0.065,1.393,0.144,5.896,3.189,1.522,0.311,42.299,93.707,24.142,86.11800000000001,11.207,22.845,47.935,27.432,16.567,329.952,VCT,0.0,0.0,St. Vin. and Gren.,3.768129540053536,5.801973349755616,0.0,0.0
126,9.022,0.003,0.331,0.112,0.355,0.224,0.477,0.04,10.563,43.842,7.206,43.406,3.718,7.033,27.942,9.266,4.637,147.05,STP,0.0,0.0,São Tomé and Principe,2.447810345146825,4.997550054547601,0.0,0.0
127,323.788,0.345,154.417,0.056,1.893,2.925,100.017,3.961,587.402,334.433,43.815,341.783,16.692,104.929,193.664,261.2,48.642,1345.157,SYC,29.35,633518.0,Seychelles,6.377410387769772,7.205009145304467,3.4127965175055075,13.359045270400916
128,48.064,0.139,13.325,5.64,3.566,12.274,19.274,0.37,102.652,361.436,57.229,160.99,30.484,95.999,188.18,122.817,56.477,1073.612,SLE,0.0,0.0,Sierra Leone,4.641039134402334,6.979714945178212,0.0,0.0
129,74.501,6.021,1260.477,0.9,6.955,17.379,5.373,7.817,1379.424,203.357,127.997,297.758,19.228,90.148,320.004,107.924,38.381,1204.799,SUR,23.18,284935.0,Suriname,7.23014597733756,7.0948976967300315,3.1855258451866466,12.560019872629592
130,109.673,71.087,187.571,25.648,16.847,21.001,8.725,42.137,482.69,353.71,150.214,528.882,50.025,72.308,234.679,106.887,98.138,1594.844,BRB,0.0,0.0,Barbados,6.181444205643758,7.37515802887156,0.0,0.0
131,5.607,0.025,0.42800000000000005,0.097,0.202,1.502,0.688,2.3,10.85,221.597,63.785,257.581,47.393,37.422,121.046,76.398,77.192,902.414,BMU,0.0,0.0,Bermuda,2.47232786758114,6.806180920111717,0.0,0.0
132,1092.494,45.585,6330.357,15.812,354.018,4.926,0.001,9.166,7852.361,794.85,1073.651,2177.463,240.723,930.47,2352.749,1282.106,445.211,9297.221,BOL,8.46,3302463.0,Bolivia,8.968696872011412,9.137578370520439,2.247072383063787,15.010179414486501
133,23.076,4.077,3704.889,1.288,190.663,132.256,4046.745,44.568,8147.562,626.279,191.477,266.247,55.525,293.522,660.896,2363.681,95.115,4552.744,COG,4.6,333899.0,Congo,9.005596748949445,8.423705030726516,1.7227665977411035,12.718596825931746
134,850.887,8.526,1128.827,0.024,1.136,0.0,0.0,0.03,1989.431,486.879,100.537,809.434,56.548,140.585,433.85,1454.928,39.659,3522.418,MRT,0.0,418817.0,Mauritania,7.596106477182418,8.167186820181813,0.0,12.9451917369976
135,825.025,199.766,43041.586,29.937,86.195,10.5,269.32,4.038,44466.367,5291.657,2962.318,12597.501999999999,203.456,1707.77,6147.156,1880.468,479.764,31270.09,NGA,22.0,3446717.0,Nigeria,10.702510873296713,10.350449307535449,3.1354942159291497,15.05293303188256
136,196.201,0.0,0.162,0.003,2.636,0.338,0.0,0.006,199.345,478.168,124.448,756.549,58.173,186.407,475.25,128.691,151.92,2359.606,MDV,7.75,1485752.0,Maldives,5.30004088044431,7.766673644718418,2.169053700369523,14.2114322724091
137,38.612,0.0,0.019,10.203,0.0,0.0,0.0,1.1,49.935,240.37,42.85,183.594,18.204,53.601,138.35,79.201,37.43,793.599,CPV,0.0,358052.0,Cabo Verde,3.9305503100420296,6.677837584884866,0.0,12.788436299118041
138,16.881,0.044,2.696,1.301,0.074,0.466,0.368,0.005,21.835,153.659,10.271,294.93600000000004,6.463,10.032,32.246,35.474,5.765,548.847,GMB,0.0,53735.0,Gambia,3.1282944466369624,6.309640057708595,0.0,10.8918384469467
139,1.397,0.001,0.16799999999999998,0.019,0.406,2.079,1.155,1.193,6.42,37.078,9.482,46.234,3.469,10.645,27.448,11.147,12.309,157.813,PLW,0.0,0.0,Palau,2.004179057179289,5.067727409442211,0.0,0.0
140,16.938,0.082,0.8140000000000001,4.607,0.373,0.357,0.504,0.498,24.174,177.886,20.178,175.34699999999998,18.314,32.738,73.635,71.177,18.772,588.047,TLS,0.0,0.0,Timor-Leste,3.2258117158693134,6.37850597673289,0.0,0.0
141,2.77,0.349,33.82,3.7,0.207,21.876,132.473,1.796,196.991,88.82,43.446,32.599,19.261,29.789,72.589,112.122,20.095,418.721,CAF,0.0,0.0,Central African Rep.,5.288221575115991,6.039590204827613,0.0,0.0
